,Username,Email,Gender,BirthDate,Age
0,martinchristian,wsmith@example.net,F,2004-10-07,17
1,fosterjennifer,cindy27@example.org,F,1940-06-04,81
2,john34,lisajackson@example.com,M,1921-07-16,100
3,gsimon,ryan29@example.com,F,2018-12-12,2
4,kelly83,walkeremma@example.org,F,2001-02-14,20
5,christophermiller,brandi62@example.org,M,1959-07-26,62
6,kelly70,mary98@example.net,M,1970-03-18,51
7,lindsay42,carterantonio@example.net,M,1912-10-08,109
8,yewing,kentsteele@example.com,F,2003-04-21,18
9,randalltiffany,wilsonchristine@example.com,M,1911-01-18,110
10,brianhernandez,cferguson@example.net,F,2005-11-27,15
11,clarkstephanie,bwebb@example.com,F,1923-10-31,98
12,robertroman,andrademarissa@example.com,F,1993-08-07,28
13,lcowan,vbrown@example.org,M,1978-05-26,43
14,liugina,jnoble@example.net,F,1992-12-28,28
15,heidi39,xhines@example.org,F,1926-12-30,94
16,stevenjohnson,oliviaalvarado@example.net,M,2012-05-25,9
17,katrinawhite,julia23@example.com,M,1949-06-20,72
18,frederickjimenez,klewis@example.com,M,1928-12-23,92
19,jeremygriffin,kanebrittney@example.com,M,2000-11-23,21
20,jason20,bryanbridges@example.net,F,1907-07-08,114
21,morrishaley,wyattpam@example.com,F,1909-02-10,112
22,bondjessica,martinlyons@example.org,F,2013-06-18,8
23,deborah76,cody57@example.net,M,1973-08-08,48
24,kanderson,haynestony@example.net,F,1929-05-28,92
25,sandravaughn,russellmarcus@example.com,F,2015-08-08,6
26,alanrodriguez,paulholmes@example.com,F,2005-05-08,16
27,iramirez,sandra69@example.com,M,1924-12-29,96
28,christinacampbell,parkcolin@example.net,F,1998-05-18,23
29,amandacarlson,bvasquez@example.org,M,2013-10-26,8
30,christopher98,jjenkins@example.org,F,1952-08-02,69
31,hmoore,tammy13@example.com,F,1992-05-18,29
32,christinahernandez,pjones@example.org,M,1908-07-08,113
33,pwillis,jennifer33@example.org,M,1985-03-20,36
34,chunt,katherine34@example.com,F,1954-10-02,67
35,melissahurst,susan15@example.com,F,1932-06-15,89
36,hamiltonariel,beth43@example.net,F,1997-04-28,24
37,wilsonjessica,krystalblankenship@example.com,F,1981-10-08,40
38,vwalker,yhenson@example.org,F,1964-03-04,57
39,wanda43,omedina@example.net,M,1978-04-19,43
40,iyates,flemingjames@example.com,F,1935-12-26,85
41,nicole54,jacobpatel@example.org,M,1936-02-05,85
42,zking,qanderson@example.net,M,1985-10-27,36
43,matthew29,mendozajared@example.org,F,2006-12-27,14
44,crosskevin,aweber@example.com,F,1909-09-14,112
45,angelablevins,harrisanthony@example.com,F,1990-04-05,31
46,ostephens,ehansen@example.com,F,1996-05-10,25
47,zimmermanbrooke,isabelcortez@example.com,F,2014-01-13,7
48,michael58,ucain@example.org,F,1976-11-28,44
49,christina59,david01@example.org,M,1929-06-09,92
50,clopez,xzhang@example.com,F,2000-10-12,21
51,kim19,sevans@example.com,F,1976-05-18,45
52,fdavid,zachary21@example.org,M,1990-09-28,31
53,jamie95,collinsjason@example.net,F,1994-03-23,27
54,sherry66,aandrews@example.com,F,2019-02-05,2
55,phillipramirez,cynthia21@example.org,F,1988-08-02,33
56,johngould,swarren@example.org,M,1931-06-11,90
57,jonesapril,samanthabenitez@example.org,F,1993-09-20,28
58,tiffany86,wongtyler@example.net,F,1958-08-03,63
59,sjohnson,uwilliams@example.net,F,1939-11-06,82
60,carrie97,matthew98@example.com,F,1917-03-01,104
61,knightamanda,kimberly91@example.org,F,2003-11-25,17
62,lauren16,izimmerman@example.org,F,2011-04-27,10
63,charlesoliver,vasquezcassie@example.org,M,1990-11-01,31
64,hutchinsonethan,kcarroll@example.org,F,1950-03-04,71
65,gflores,coopershawn@example.com,M,1945-10-25,76
66,ystevens,agraham@example.net,M,1991-09-02,30
67,bdean,rogercollins@example.net,F,1952-04-13,69
68,judy50,bpotter@example.net,M,2003-09-14,18
69,hoffmansean,walterjill@example.com,F,1954-10-13,67
70,danielle83,victorglass@example.com,F,1973-10-17,48
71,patriciakelly,christopherbowen@example.org,F,1981-08-13,40
72,andrew72,harveypatricia@example.net,M,2009-02-27,12
73,dhill,xlivingston@example.org,M,1910-02-15,111
74,harveyalejandra,cookmiguel@example.net,M,2003-07-15,18
75,daniel64,meghan70@example.net,M,1915-05-19,106
76,michaelgriffith,aaronhutchinson@example.com,F,1963-04-21,58
77,cindyhayes,melinda57@example.net,F,1913-06-08,108
78,dsmith,jeremy34@example.org,M,1957-11-08,64
79,robinrobinson,johnsonstephanie@example.com,M,1928-08-20,93
80,manningcandace,joyce33@example.org,M,2001-02-13,20
81,cynthiaburgess,jessicarose@example.net,M,1923-11-30,97
82,alexterry,xlogan@example.org,F,1988-02-22,33
83,gloverkarina,sandovalcrystal@example.net,M,1935-08-07,86
84,jmartinez,patriciabennett@example.com,F,1938-10-29,83
85,webstertony,flemingkathy@example.org,M,1979-07-17,42
86,brownlisa,michaelcarrillo@example.com,M,1948-04-21,73
87,fmaldonado,parkerdaniel@example.org,M,2002-07-10,19
88,snydertammy,rsaunders@example.net,F,1944-08-01,77
89,osanchez,roger97@example.net,M,2009-06-24,12
90,gwilson,vasquezwayne@example.org,M,1973-03-07,48
91,twilson,robert49@example.com,F,1976-06-19,45
92,deborahmartin,westchase@example.com,F,1990-01-22,31
93,brandon50,cjones@example.com,M,1966-02-14,55
94,rachelgonzalez,emily82@example.net,F,2017-04-09,4
95,hhines,cartercarolyn@example.net,M,1983-11-17,38
96,lisa92,matthewmurphy@example.net,M,2016-07-19,5
97,jopennington,cheryl33@example.net,F,1951-08-05,70
98,zmorris,fhenry@example.com,M,1988-10-19,33
99,matthew94,xdavis@example.org,F,2002-12-27,18
